{
  "autoCompleteData" : [ ],
  "description" : "Starts the help",
  "enabled" : true,
  "exampleData" : [ {
    "contributor" : null,
    "crowdJobId" : null,
    "detectedLanguage" : null,
    "developerId" : null,
    "developerTag" : null,
    "exampleEntities" : [ ],
    "nativeLanguageTag" : "en",
    "sentence" : "Help",
    "trackingId" : "0086CBEF-E78A-4144-9B78-F3F71933490F",
    "translated" : null,
    "translatedBy" : null,
    "translatedLanguage" : null
  }, {
    "contributor" : null,
    "crowdJobId" : null,
    "detectedLanguage" : null,
    "developerId" : null,
    "developerTag" : null,
    "exampleEntities" : [ ],
    "nativeLanguageTag" : "en",
    "sentence" : "hello",
    "trackingId" : "680CC423-DC8B-4E74-B465-92AB53FE8187",
    "translated" : null,
    "translatedBy" : null,
    "translatedLanguage" : null
  }, {
    "contributor" : null,
    "crowdJobId" : null,
    "detectedLanguage" : null,
    "developerId" : null,
    "developerTag" : null,
    "exampleEntities" : [ ],
    "nativeLanguageTag" : "en",
    "sentence" : "help",
    "trackingId" : "35E437D6-5FAB-4481-BA05-D7D32E826787",
    "translated" : null,
    "translatedBy" : null,
    "translatedLanguage" : null
  }, {
    "contributor" : null,
    "crowdJobId" : null,
    "detectedLanguage" : null,
    "developerId" : null,
    "developerTag" : null,
    "exampleEntities" : [ ],
    "nativeLanguageTag" : "en",
    "sentence" : "hi ",
    "trackingId" : "DBCDF98F-A08E-476D-964F-8566A1C8A9BE",
    "translated" : null,
    "translatedBy" : null,
    "translatedLanguage" : null
  }, {
    "contributor" : null,
    "crowdJobId" : null,
    "detectedLanguage" : null,
    "developerId" : null,
    "developerTag" : null,
    "exampleEntities" : [ ],
    "nativeLanguageTag" : "en",
    "sentence" : "info",
    "trackingId" : "58C204AC-6FAD-460B-9B56-37D6F36C4A9B",
    "translated" : null,
    "translatedBy" : null,
    "translatedLanguage" : null
  } ],
  "intentParameters" : [ ],
  "name" : "Intent00001",
  "trackingId" : "61401F03-0FCF-47A0-A73E-4D6996A12911",
  "type" : "NLPIntent"
}