{
  "botPrompts" : [ ],
  "enumValues" : [ {
    "type" : "StaticEntityValue",
    "canonicalName" : "Yes",
    "extensionType" : null,
    "nativeLanguageTag" : "en",
    "primaryLanguageCanonicalName" : "Yes",
    "synonyms" : null,
    "trackingId" : "536A7700-CA68-426F-80CD-939BA52242F8"
  }, {
    "type" : "StaticEntityValue",
    "canonicalName" : "No",
    "extensionType" : null,
    "nativeLanguageTag" : "en",
    "primaryLanguageCanonicalName" : "No",
    "synonyms" : null,
    "trackingId" : "C0C5B841-8286-4DB2-8500-B64C38673F5E"
  } ],
  "fuzzyMatch" : false,
  "multiValue" : false,
  "name" : "AnswerYN",
  "promptForDisambiguation" : true,
  "trackingId" : "4B636F9F-60DB-4018-A7C1-463F43F9E63F",
  "type" : "ENUMVALUES",
  "validationRules" : [ ]
}