{
  "botPrompts" : [ ],
  "enumValues" : [ {
    "type" : "StaticEntityValue",
    "canonicalName" : "General",
    "extensionType" : null,
    "nativeLanguageTag" : "en",
    "primaryLanguageCanonicalName" : "General",
    "synonyms" : null,
    "trackingId" : "850B3C9E-FE0C-4FD2-A389-1D6718F78917"
  }, {
    "type" : "StaticEntityValue",
    "canonicalName" : "Medical",
    "extensionType" : null,
    "nativeLanguageTag" : "en",
    "primaryLanguageCanonicalName" : "Medical",
    "synonyms" : null,
    "trackingId" : "22CA9C20-2EAE-4EFF-98F5-667F852607AB"
  }, {
    "type" : "StaticEntityValue",
    "canonicalName" : "Security",
    "extensionType" : null,
    "nativeLanguageTag" : "en",
    "primaryLanguageCanonicalName" : "Security",
    "synonyms" : null,
    "trackingId" : "1A6F7759-92C4-4E11-A8B5-2A663EF526C3"
  }, {
    "type" : "StaticEntityValue",
    "canonicalName" : "Psychological",
    "extensionType" : null,
    "nativeLanguageTag" : "en",
    "primaryLanguageCanonicalName" : "Psychological",
    "synonyms" : null,
    "trackingId" : "C9DB3993-3174-4CF7-943B-8D1B2AD40FE0"
  }, {
    "type" : "StaticEntityValue",
    "canonicalName" : "Catastrophe",
    "extensionType" : null,
    "nativeLanguageTag" : "en",
    "primaryLanguageCanonicalName" : "Catastrophe",
    "synonyms" : null,
    "trackingId" : "50EDE00C-592B-4221-A080-ADE6AF5DBFB5"
  } ],
  "fuzzyMatch" : false,
  "multiValue" : false,
  "name" : "EmergencyType",
  "promptForDisambiguation" : true,
  "trackingId" : "B757F8B0-E753-4A52-B0A3-06A9CEDCFD7E",
  "type" : "ENUMVALUES",
  "validationRules" : [ ]
}