{
  "botPrompts" : [ ],
  "description" : "Shows options Emergency and More",
  "enumValues" : [ {
    "type" : "StaticEntityValue",
    "canonicalName" : "Emergency",
    "extensionType" : null,
    "nativeLanguageTag" : "en",
    "primaryLanguageCanonicalName" : "Emergency",
    "synonyms" : null,
    "trackingId" : "0025917E-317C-4132-AAE3-AAFE259F677D"
  }, {
    "type" : "StaticEntityValue",
    "canonicalName" : "More",
    "extensionType" : null,
    "nativeLanguageTag" : "en",
    "primaryLanguageCanonicalName" : "More",
    "synonyms" : null,
    "trackingId" : "1569A685-5841-4022-B9EB-D031DC69EC48"
  } ],
  "fuzzyMatch" : false,
  "multiValue" : false,
  "name" : "GeneralOptions",
  "promptForDisambiguation" : true,
  "trackingId" : "E241FE7D-23CC-4E17-B61C-193C44FBD1FB",
  "type" : "ENUMVALUES",
  "validationRules" : [ ]
}