{
  "botPrompts" : [ ],
  "enumValues" : [ {
    "type" : "StaticEntityValue",
    "canonicalName" : "Security",
    "extensionType" : null,
    "nativeLanguageTag" : "en",
    "primaryLanguageCanonicalName" : "Security",
    "synonyms" : null,
    "trackingId" : "CF6F0EE5-6508-4937-B533-E77ADCFD1DEE"
  }, {
    "type" : "StaticEntityValue",
    "canonicalName" : "Generalinf",
    "extensionType" : null,
    "nativeLanguageTag" : "en",
    "primaryLanguageCanonicalName" : "Generalinf",
    "synonyms" : null,
    "trackingId" : "FA2B9A2A-AC70-44A5-A2FF-73A435027242"
  } ],
  "fuzzyMatch" : false,
  "multiValue" : false,
  "name" : "MoreOptions",
  "promptForDisambiguation" : true,
  "trackingId" : "16036AC4-E815-4C3F-A4F5-78BFBB6F9549",
  "type" : "ENUMVALUES",
  "validationRules" : [ ]
}