{
  "botPrompts" : [ ],
  "description" : "Shows options which are not emergency",
  "enumValues" : [ {
    "type" : "StaticEntityValue",
    "canonicalName" : "Schools",
    "extensionType" : null,
    "nativeLanguageTag" : "en",
    "primaryLanguageCanonicalName" : "Schools",
    "synonyms" : null,
    "trackingId" : "E4352173-837A-40A8-B8C1-0E23C0A2094D"
  }, {
    "type" : "StaticEntityValue",
    "canonicalName" : "InformationAboutYourMunicipality",
    "extensionType" : null,
    "nativeLanguageTag" : "en",
    "primaryLanguageCanonicalName" : "InformationAboutYourMunicipality",
    "synonyms" : null,
    "trackingId" : "449C2713-7741-4180-854E-2EAB8E74B5F3"
  }, {
    "type" : "StaticEntityValue",
    "canonicalName" : "OfficialGovernmentPages",
    "extensionType" : null,
    "nativeLanguageTag" : "en",
    "primaryLanguageCanonicalName" : "OfficialGovernmentPages",
    "synonyms" : null,
    "trackingId" : "AE3DC837-49D3-4D17-8D52-4DA1833825AF"
  }, {
    "type" : "StaticEntityValue",
    "canonicalName" : "OlderAdults",
    "extensionType" : null,
    "nativeLanguageTag" : "en",
    "primaryLanguageCanonicalName" : "OlderAdults",
    "synonyms" : null,
    "trackingId" : "E835DEFC-0ADC-40F2-8AF3-7B1978D10E59"
  }, {
    "type" : "StaticEntityValue",
    "canonicalName" : "NationalCatalog",
    "extensionType" : null,
    "nativeLanguageTag" : "en",
    "primaryLanguageCanonicalName" : "NationalCatalog",
    "synonyms" : [ "NationalCatalog" ],
    "trackingId" : "5AC935B7-1625-4E1C-8243-F8B21536A4DB"
  } ],
  "fuzzyMatch" : false,
  "multiValue" : false,
  "name" : "MoreOptionsTwo",
  "promptForDisambiguation" : true,
  "trackingId" : "ADC8033B-7FB8-4232-A186-4C0DEBB48926",
  "type" : "ENUMVALUES",
  "validationRules" : [ ]
}