{
  "botPrompts" : [ ],
  "enumValues" : [ {
    "type" : "StaticEntityValue",
    "canonicalName" : "Complaints",
    "extensionType" : null,
    "nativeLanguageTag" : "en",
    "primaryLanguageCanonicalName" : "Complaints",
    "synonyms" : null,
    "trackingId" : "5996EC3E-A5DA-4425-900B-A63200C6F4F2"
  }, {
    "type" : "StaticEntityValue",
    "canonicalName" : "Covid19",
    "extensionType" : null,
    "nativeLanguageTag" : "en",
    "primaryLanguageCanonicalName" : "Covid19",
    "synonyms" : null,
    "trackingId" : "044833BF-37E8-4737-A1C9-67787572E801"
  }, {
    "type" : "StaticEntityValue",
    "canonicalName" : "AbuseOrViolence",
    "extensionType" : null,
    "nativeLanguageTag" : "en",
    "primaryLanguageCanonicalName" : "AbuseOrViolence",
    "synonyms" : null,
    "trackingId" : "A5DDAB45-6466-49EF-B924-DD8F7CD88C95"
  }, {
    "type" : "StaticEntityValue",
    "canonicalName" : "AnimalAbuse",
    "extensionType" : null,
    "nativeLanguageTag" : "en",
    "primaryLanguageCanonicalName" : "AnimalAbuse",
    "synonyms" : null,
    "trackingId" : "87F092F9-7F99-4B8E-BA55-B0F4F747B64D"
  }, {
    "type" : "StaticEntityValue",
    "canonicalName" : "GovernmentSupport",
    "extensionType" : null,
    "nativeLanguageTag" : "en",
    "primaryLanguageCanonicalName" : "GovernmentSupport",
    "synonyms" : null,
    "trackingId" : "8BC0594D-67BF-4B3B-85B4-99CCDFDE5B9A"
  } ],
  "fuzzyMatch" : false,
  "multiValue" : false,
  "name" : "MoreOptionsOne",
  "promptForDisambiguation" : true,
  "trackingId" : "2B7EDE4E-6203-41A0-9408-B5835DAA6B24",
  "type" : "ENUMVALUES",
  "validationRules" : [ ]
}