{
  "botPrompts" : [ ],
  "compositeBagItems" : [ {
    "sequenceNr" : 1,
    "name" : "BagItem1",
    "fullName" : "BagItem1",
    "type" : "ENTITY",
    "entityName" : "EmergencyType",
    "entityUsage" : {
      "type" : "NamedEntity",
      "name" : "EmergencyType",
      "multiValue" : false,
      "fuzzyMatch" : false,
      "promptForDisambiguation" : true
    },
    "multiValue" : false,
    "multiLingual" : false,
    "fuzzyMatch" : false,
    "outOfOrderExtraction" : true,
    "promptForDisambiguation" : true,
    "defaultEndDateToStartDate" : false,
    "trackingId" : "DD02A3FF-A87D-4280-8971-82C27D83BC8C"
  }, {
    "sequenceNr" : 2,
    "name" : "BagItem2",
    "fullName" : "BagItem2",
    "type" : "ENTITY",
    "entityName" : "GeneralOptions",
    "entityUsage" : {
      "type" : "NamedEntity",
      "name" : "GeneralOptions",
      "multiValue" : false,
      "fuzzyMatch" : false,
      "promptForDisambiguation" : true
    },
    "multiValue" : false,
    "multiLingual" : false,
    "fuzzyMatch" : false,
    "outOfOrderExtraction" : true,
    "promptForDisambiguation" : true,
    "defaultEndDateToStartDate" : false,
    "trackingId" : "58B487EA-0EB1-443E-B8A1-55C28164BF18"
  }, {
    "sequenceNr" : 3,
    "name" : "BagItem3",
    "fullName" : "BagItem3",
    "type" : "ENTITY",
    "entityName" : "MoreOptions",
    "entityUsage" : {
      "type" : "NamedEntity",
      "name" : "MoreOptions",
      "multiValue" : false,
      "fuzzyMatch" : false,
      "promptForDisambiguation" : true
    },
    "multiValue" : false,
    "multiLingual" : false,
    "fuzzyMatch" : false,
    "outOfOrderExtraction" : true,
    "promptForDisambiguation" : true,
    "defaultEndDateToStartDate" : false,
    "trackingId" : "5B715993-6124-4D32-9372-79F7A470D192"
  }, {
    "sequenceNr" : 4,
    "name" : "BagItem4",
    "fullName" : "BagItem4",
    "type" : "ENTITY",
    "entityName" : "MoreOptionsOne",
    "entityUsage" : {
      "type" : "NamedEntity",
      "name" : "MoreOptionsOne",
      "multiValue" : false,
      "fuzzyMatch" : false,
      "promptForDisambiguation" : true
    },
    "multiValue" : false,
    "multiLingual" : false,
    "fuzzyMatch" : false,
    "outOfOrderExtraction" : true,
    "promptForDisambiguation" : true,
    "defaultEndDateToStartDate" : false,
    "trackingId" : "A3B1638B-E6EC-4516-A77A-55D4AF76A6F9"
  }, {
    "sequenceNr" : 5,
    "name" : "BagItem5",
    "fullName" : "BagItem5",
    "type" : "ENTITY",
    "entityName" : "MoreOptionsTwo",
    "entityUsage" : {
      "type" : "NamedEntity",
      "name" : "MoreOptionsTwo",
      "multiValue" : false,
      "fuzzyMatch" : false,
      "promptForDisambiguation" : true
    },
    "multiValue" : false,
    "multiLingual" : false,
    "fuzzyMatch" : false,
    "outOfOrderExtraction" : true,
    "promptForDisambiguation" : true,
    "defaultEndDateToStartDate" : false,
    "trackingId" : "3B5AF3F3-0106-41F4-A1AD-0ACB43A9A951"
  } ],
  "fuzzyMatch" : false,
  "multiValue" : false,
  "name" : "requestHelp",
  "promptForDisambiguation" : true,
  "trackingId" : "ACD399D3-3767-4343-9BE0-C2F9898A7B79",
  "type" : "COMPOSITEBAG",
  "validationRules" : [ ]
}